,Feature_A,Feature_B,Correlation
0,ames_order,ames_order,1.0
1,ames_order,pid,0.17359341568669462
2,ames_order,mssubclass,0.011797142632671452
3,ames_order,lotfrontage,-0.007033889261364624
4,ames_order,lotarea,0.03135406362457019
5,ames_order,overallqual,-0.04850048385466136
6,ames_order,overallcond,-0.011054421579957634
7,ames_order,yearbuilt,-0.05231935740510978
8,ames_order,yearremodadd,-0.07556617674219761
9,ames_order,masvnrarea,-0.030906548979033728
10,ames_order,bsmtfinsf1,-0.03232148429611221
11,ames_order,bsmtfinsf2,-0.002772587808266854
12,ames_order,bsmtunfsf,0.005780015641578209
13,ames_order,totalbsmtsf,-0.02871922563559063
14,ames_order,1stflrsf,-0.013201334615269414
15,ames_order,2ndflrsf,-0.00041656193344833726
16,ames_order,lowqualfinsf,0.013588540809676352
17,ames_order,grlivarea,-0.009342355629645447
18,ames_order,bsmtfullbath,-0.042539482856390504
19,ames_order,bsmthalfbath,0.02497827751853664
20,ames_order,fullbath,-0.04498465053335424
21,ames_order,halfbath,-0.03974862068130734
22,ames_order,bedroomabvgr,0.015423661408543832
23,ames_order,kitchenabvgr,-0.017685208761434423
24,ames_order,totrmsabvgrd,0.002612167831104346
25,ames_order,fireplaces,-0.019155567368453166
26,ames_order,garageyrblt,-0.05115954145163522
27,ames_order,garagecars,-0.03618515899591096
28,ames_order,garagearea,-0.03543503237377296
29,ames_order,wooddecksf,-0.011291843111299733
30,ames_order,openporchsf,0.016354643252857487
31,ames_order,enclosedporch,0.027908198767567734
32,ames_order,3ssnporch,-0.024975265075870147
33,ames_order,screenporch,0.004306944176847399
34,ames_order,poolarea,0.0525178345251896
35,ames_order,miscval,-0.006083365143558963
36,ames_order,mosold,0.13336528025783773
37,ames_order,yrsold,-0.9759929037175192
38,ames_order,saleprice,-0.031407925252804544
39,pid,ames_order,0.17359341568669462
40,pid,pid,1.0
41,pid,mssubclass,-0.0012813655030208678
42,pid,lotfrontage,-0.09691787910621243
43,pid,lotarea,0.0348679288054725
44,pid,overallqual,-0.2631469441817053
45,pid,overallcond,0.10445061899010206
46,pid,yearbuilt,-0.34338848480000705
47,pid,yearremodadd,-0.15711088477067364
48,pid,masvnrarea,-0.22928319488899598
49,pid,bsmtfinsf1,-0.09837500160950957
50,pid,bsmtfinsf2,-0.001144918461151877
51,pid,bsmtunfsf,-0.08770661221230788
52,pid,totalbsmtsf,-0.18964166941757224
53,pid,1stflrsf,-0.1419016214578436
54,pid,2ndflrsf,-0.0032893551273077163
55,pid,lowqualfinsf,0.0569404140116161
56,pid,grlivarea,-0.10757903456693839
57,pid,bsmtfullbath,-0.03775944103600337
58,pid,bsmthalfbath,0.004328290538918271
59,pid,fullbath,-0.17143124769338158
60,pid,halfbath,-0.1666361434436913
61,pid,bedroomabvgr,0.006345185625457015
62,pid,kitchenabvgr,0.07646952140916928
63,pid,totrmsabvgrd,-0.06898067756166136
64,pid,fireplaces,-0.10805550581450518
65,pid,garageyrblt,-0.2568287325595379
66,pid,garagecars,-0.23748369261315222
67,pid,garagearea,-0.21060592022200308
68,pid,wooddecksf,-0.05113497005336165
69,pid,openporchsf,-0.07131061096241692
70,pid,enclosedporch,0.1625190962445112
71,pid,3ssnporch,-0.024893931154063815
72,pid,screenporch,-0.025734731199641276
73,pid,poolarea,-0.002845341854371687
74,pid,miscval,-0.008260203455585875
75,pid,mosold,-0.050454500470866706
76,pid,yrsold,0.009579226708180049
77,pid,saleprice,-0.2465212128667364
78,mssubclass,ames_order,0.011797142632671452
79,mssubclass,pid,-0.0012813655030208678
80,mssubclass,mssubclass,1.0
81,mssubclass,lotfrontage,-0.4201352688628105
82,mssubclass,lotarea,-0.20461309612719117
83,mssubclass,overallqual,0.03941873729500411
84,mssubclass,overallcond,-0.06734922010031978
85,mssubclass,yearbuilt,0.03657892585201719
86,mssubclass,yearremodadd,0.04339651434757868
87,mssubclass,masvnrarea,0.0027301532423836448
88,mssubclass,bsmtfinsf1,-0.060075257238916886
89,mssubclass,bsmtfinsf2,-0.07094585513337878
90,mssubclass,bsmtunfsf,-0.1304210774974892
91,mssubclass,totalbsmtsf,-0.21944515117424987
92,mssubclass,1stflrsf,-0.24782811989387057
93,mssubclass,2ndflrsf,0.30423679937155745
94,mssubclass,lowqualfinsf,0.02576537263813149
95,mssubclass,grlivarea,0.06806085571118654
96,mssubclass,bsmtfullbath,0.013701478559147665
97,mssubclass,bsmthalfbath,-0.003329286177544196
98,mssubclass,fullbath,0.13463133168940303
99,mssubclass,halfbath,0.17587916599124262
100,mssubclass,bedroomabvgr,-0.019208095446001695
101,mssubclass,kitchenabvgr,0.2576983920042202
102,mssubclass,totrmsabvgrd,0.03189835577744859
103,mssubclass,fireplaces,-0.049955356647429935
104,mssubclass,garageyrblt,0.08875432398772047
105,mssubclass,garagecars,-0.04588292716366817
106,mssubclass,garagearea,-0.1032386811136395
107,mssubclass,wooddecksf,-0.017309823365428845
108,mssubclass,openporchsf,-0.014822575001911857
109,mssubclass,enclosedporch,-0.02286559581869786
110,mssubclass,3ssnporch,-0.03795583449675641
111,mssubclass,screenporch,-0.050613997363357546
112,mssubclass,poolarea,-0.0034342130872427015
113,mssubclass,miscval,-0.029254485436009694
114,mssubclass,mosold,0.0003504190057662918
115,mssubclass,yrsold,-0.017905477247845913
116,mssubclass,saleprice,-0.08509157560995878
117,lotfrontage,ames_order,-0.007033889261364624
118,lotfrontage,pid,-0.09691787910621243
119,lotfrontage,mssubclass,-0.4201352688628105
120,lotfrontage,lotfrontage,1.0
121,lotfrontage,lotarea,0.4913133502043098
122,lotfrontage,overallqual,0.2120416779939248
123,lotfrontage,overallcond,-0.07444844524055635
124,lotfrontage,yearbuilt,0.12156217873601674
125,lotfrontage,yearremodadd,0.09171187353169573
126,lotfrontage,masvnrarea,0.22240657772323372
127,lotfrontage,bsmtfinsf1,0.21558328505429644
128,lotfrontage,bsmtfinsf2,0.045998934427213485
129,lotfrontage,bsmtunfsf,0.11674279494475429
130,lotfrontage,totalbsmtsf,0.35377268636732623
131,lotfrontage,1stflrsf,0.4573914540102983
132,lotfrontage,2ndflrsf,0.029186790600845933
133,lotfrontage,lowqualfinsf,0.005249298822789165
134,lotfrontage,grlivarea,0.38382172479666404
135,lotfrontage,bsmtfullbath,0.1089153769324406
136,lotfrontage,bsmthalfbath,-0.024723809963396525
137,lotfrontage,fullbath,0.1845210070115084
138,lotfrontage,halfbath,0.04187994977255485
139,lotfrontage,bedroomabvgr,0.2404419389378976
140,lotfrontage,kitchenabvgr,0.005407222510146038
141,lotfrontage,totrmsabvgrd,0.3531372966156298
142,lotfrontage,fireplaces,0.2572552130021183
143,lotfrontage,garageyrblt,0.07630641437587243
144,lotfrontage,garagecars,0.3087056763819581
145,lotfrontage,garagearea,0.3585053420557823
146,lotfrontage,wooddecksf,0.12008401266565305
147,lotfrontage,openporchsf,0.16304025358986035
148,lotfrontage,enclosedporch,0.012758348017812607
149,lotfrontage,3ssnporch,0.028564426298503517
150,lotfrontage,screenporch,0.07666619866298344
151,lotfrontage,poolarea,0.17394667773562833
152,lotfrontage,miscval,0.044475787217933854
153,lotfrontage,mosold,0.011085200129935736
154,lotfrontage,yrsold,-0.0075472241770496275
155,lotfrontage,saleprice,0.35731791014236447
156,lotarea,ames_order,0.03135406362457019
157,lotarea,pid,0.0348679288054725
158,lotarea,mssubclass,-0.20461309612719117
159,lotarea,lotfrontage,0.4913133502043098
160,lotarea,lotarea,1.0
161,lotarea,overallqual,0.09718840011686383
162,lotarea,overallcond,-0.03475889806756826
163,lotarea,yearbuilt,0.02325849527473394
164,lotarea,yearremodadd,0.021682218874783648
165,lotarea,masvnrarea,0.12682983005484705
166,lotarea,bsmtfinsf1,0.1915554435224191
167,lotarea,bsmtfinsf2,0.083149512386996
168,lotarea,bsmtunfsf,0.023658474799269393
169,lotarea,totalbsmtsf,0.25358856566694377
170,lotarea,1stflrsf,0.33223498083235187
171,lotarea,2ndflrsf,0.03299629146226493
172,lotarea,lowqualfinsf,0.0008121347764994829
173,lotarea,grlivarea,0.2855992141342612
174,lotarea,bsmtfullbath,0.12587726547710226
175,lotarea,bsmthalfbath,0.026903072476336238
176,lotarea,fullbath,0.1274330111246987
177,lotarea,halfbath,0.0354974529259759
178,lotarea,bedroomabvgr,0.13656879282393236
179,lotarea,kitchenabvgr,-0.020300505043239037
180,lotarea,totrmsabvgrd,0.21659664514866006
181,lotarea,fireplaces,0.2569891136979704
182,lotarea,garageyrblt,-0.008952151990981823
183,lotarea,garagecars,0.1795123888497797
184,lotarea,garagearea,0.21282163987754882
185,lotarea,wooddecksf,0.15721221858677834
186,lotarea,openporchsf,0.10375977906592634
187,lotarea,enclosedporch,0.0218681784276207
188,lotarea,3ssnporch,0.01624313737485733
189,lotarea,screenporch,0.05504412118658563
190,lotarea,poolarea,0.0937754261556487
191,lotarea,miscval,0.06918820846271456
192,lotarea,mosold,0.003858589144437019
193,lotarea,yrsold,-0.023085094359836265
194,lotarea,saleprice,0.26654922032842987
195,overallqual,ames_order,-0.04850048385466136
196,overallqual,pid,-0.2631469441817053
197,overallqual,mssubclass,0.03941873729500411
198,overallqual,lotfrontage,0.2120416779939248
199,overallqual,lotarea,0.09718840011686383
200,overallqual,overallqual,1.0
201,overallqual,overallcond,-0.09481187717199721
202,overallqual,yearbuilt,0.5970272028295865
203,overallqual,yearremodadd,0.5696087842620875
204,overallqual,masvnrarea,0.42941797229304063
205,overallqual,bsmtfinsf1,0.2841179983741233
206,overallqual,bsmtfinsf2,-0.04128705173071736
207,overallqual,bsmtunfsf,0.2700580054847201
208,overallqual,totalbsmtsf,0.5472940489040146
209,overallqual,1stflrsf,0.47783707269186415
210,overallqual,2ndflrsf,0.241401692154844
211,overallqual,lowqualfinsf,-0.04867982655391361
212,overallqual,grlivarea,0.5705558566643723
213,overallqual,bsmtfullbath,0.1678581238935048
214,overallqual,bsmthalfbath,-0.04164656884197478
215,overallqual,fullbath,0.5222625683015596
216,overallqual,halfbath,0.2688533357370495
217,overallqual,bedroomabvgr,0.06329104421957787
218,overallqual,kitchenabvgr,-0.15974423976347515
219,overallqual,totrmsabvgrd,0.3806928383741777
220,overallqual,fireplaces,0.3930069224319971
221,overallqual,garageyrblt,0.570569276294685
222,overallqual,garagecars,0.5995448995511717
223,overallqual,garagearea,0.5635025491286402
224,overallqual,wooddecksf,0.2556625377930354
225,overallqual,openporchsf,0.2984121708274674
226,overallqual,enclosedporch,-0.14033206109692867
227,overallqual,3ssnporch,0.018240317304361667
228,overallqual,screenporch,0.04161473736062025
229,overallqual,poolarea,0.03039945406195727
230,overallqual,miscval,0.005179104212324671
231,overallqual,mosold,0.031103443541629576
232,overallqual,yrsold,-0.020719457862840233
233,overallqual,saleprice,0.7992617947690226
234,overallcond,ames_order,-0.011054421579957634
235,overallcond,pid,0.10445061899010206
236,overallcond,mssubclass,-0.06734922010031978
237,overallcond,lotfrontage,-0.07444844524055635
238,overallcond,lotarea,-0.03475889806756826
239,overallcond,overallqual,-0.09481187717199721
240,overallcond,overallcond,1.0
241,overallcond,yearbuilt,-0.3687731214135405
242,overallcond,yearremodadd,0.047680262885594786
243,overallcond,masvnrarea,-0.13534034144352436
244,overallcond,bsmtfinsf1,-0.05093499336002795
245,overallcond,bsmtfinsf2,0.04113362846385989
246,overallcond,bsmtunfsf,-0.1368186783595517
247,overallcond,totalbsmtsf,-0.17334407740809746
248,overallcond,1stflrsf,-0.1570515117761974
249,overallcond,2ndflrsf,0.006218180585993943
250,overallcond,lowqualfinsf,0.009174695376387276
251,overallcond,grlivarea,-0.11564253505458724
252,overallcond,bsmtfullbath,-0.042766349419530565
253,overallcond,bsmthalfbath,0.08445549693542308
254,overallcond,fullbath,-0.21431592454295378
255,overallcond,halfbath,-0.0881270683238176
256,overallcond,bedroomabvgr,-0.006137385046131614
257,overallcond,kitchenabvgr,-0.08638612211564531
258,overallcond,totrmsabvgrd,-0.08981604440298664
259,overallcond,fireplaces,-0.031702269934390695
260,overallcond,garageyrblt,-0.3260168859310349
261,overallcond,garagecars,-0.1815570536319246
262,overallcond,garagearea,-0.15375390672076564
263,overallcond,wooddecksf,0.02034400048402102
264,overallcond,openporchsf,-0.06893417472840756
265,overallcond,enclosedporch,0.07145901991714897
266,overallcond,3ssnporch,0.043851973920452446
267,overallcond,screenporch,0.044055222174643034
268,overallcond,poolarea,-0.01678713951513778
269,overallcond,miscval,0.034056065828745936
270,overallcond,mosold,-0.00729473615811371
271,overallcond,yrsold,0.03120690730953582
272,overallcond,saleprice,-0.1016969321810065
273,yearbuilt,ames_order,-0.05231935740510978
274,yearbuilt,pid,-0.34338848480000705
275,yearbuilt,mssubclass,0.03657892585201719
276,yearbuilt,lotfrontage,0.12156217873601674
277,yearbuilt,lotarea,0.02325849527473394
278,yearbuilt,overallqual,0.5970272028295865
279,yearbuilt,overallcond,-0.3687731214135405
280,yearbuilt,yearbuilt,1.0
281,yearbuilt,yearremodadd,0.6120952503946815
282,yearbuilt,masvnrarea,0.31329210987347866
283,yearbuilt,bsmtfinsf1,0.2798696693265406
284,yearbuilt,bsmtfinsf2,-0.02741542237711297
285,yearbuilt,bsmtunfsf,0.12899822463491872
286,yearbuilt,totalbsmtsf,0.40752623136718313
287,yearbuilt,1stflrsf,0.3104625452874176
288,yearbuilt,2ndflrsf,0.016827617607873564
289,yearbuilt,lowqualfinsf,-0.14428230341828618
290,yearbuilt,grlivarea,0.24172578752983453
291,yearbuilt,bsmtfullbath,0.2118492939689998
292,yearbuilt,bsmthalfbath,-0.0306264746679408
293,yearbuilt,fullbath,0.4694061879386758
294,yearbuilt,halfbath,0.2692683271437978
295,yearbuilt,bedroomabvgr,-0.05509322912634792
296,yearbuilt,kitchenabvgr,-0.13785174416686324
297,yearbuilt,totrmsabvgrd,0.11191863253760842
298,yearbuilt,fireplaces,0.17067208619298077
299,yearbuilt,garageyrblt,0.8348494976643408
300,yearbuilt,garagecars,0.5374434737131226
301,yearbuilt,garagearea,0.4801313346964973
302,yearbuilt,wooddecksf,0.2289638091951378
303,yearbuilt,openporchsf,0.19836495443497665
304,yearbuilt,enclosedporch,-0.3743644119584816
305,yearbuilt,3ssnporch,0.015803186251011365
306,yearbuilt,screenporch,-0.04143577372375431
307,yearbuilt,poolarea,0.0022127583863713386
308,yearbuilt,miscval,-0.011010994145889177
309,yearbuilt,mosold,0.014577310540117388
310,yearbuilt,yrsold,-0.013196700204147484
311,yearbuilt,saleprice,0.5584261057120451
312,yearremodadd,ames_order,-0.07556617674219761
313,yearremodadd,pid,-0.15711088477067364
314,yearremodadd,mssubclass,0.04339651434757868
315,yearremodadd,lotfrontage,0.09171187353169573
316,yearremodadd,lotarea,0.021682218874783648
317,yearremodadd,overallqual,0.5696087842620875
318,yearremodadd,overallcond,0.047680262885594786
319,yearremodadd,yearbuilt,0.6120952503946815
320,yearremodadd,yearremodadd,1.0
321,yearremodadd,masvnrarea,0.19692760347278787
322,yearremodadd,bsmtfinsf1,0.15178982645261108
323,yearremodadd,bsmtfinsf2,-0.062128640747611576
324,yearremodadd,bsmtunfsf,0.1648048161333448
325,yearremodadd,totalbsmtsf,0.2974809756314818
326,yearremodadd,1stflrsf,0.24210781465639417
327,yearremodadd,2ndflrsf,0.15893858694601942
328,yearremodadd,lowqualfinsf,-0.06036467247549987
329,yearremodadd,grlivarea,0.3168548379837694
330,yearremodadd,bsmtfullbath,0.13438720208622099
331,yearremodadd,bsmthalfbath,-0.04629210869086187
332,yearremodadd,fullbath,0.45726590954979673
333,yearremodadd,halfbath,0.21177075153235375
334,yearremodadd,bedroomabvgr,-0.021536320092818802
335,yearremodadd,kitchenabvgr,-0.14240445947661828
336,yearremodadd,totrmsabvgrd,0.19752839412904605
337,yearremodadd,fireplaces,0.13332213313073432
338,yearremodadd,garageyrblt,0.6523102384076024
339,yearremodadd,garagecars,0.4254033452489777
340,yearremodadd,garagearea,0.3764381815435671
341,yearremodadd,wooddecksf,0.2178565130800881
342,yearremodadd,openporchsf,0.2417482460943927
343,yearremodadd,enclosedporch,-0.22038326512126033
344,yearremodadd,3ssnporch,0.03741237678019553
345,yearremodadd,screenporch,-0.04688797108075337
346,yearremodadd,poolarea,-0.011410244873352534
347,yearremodadd,miscval,-0.0031324005929263673
348,yearremodadd,mosold,0.01804753627822084
349,yearremodadd,yrsold,0.03265176748107453
350,yearremodadd,saleprice,0.5329737540266942
351,masvnrarea,ames_order,-0.030906548979033728
352,masvnrarea,pid,-0.22928319488899598
353,masvnrarea,mssubclass,0.0027301532423836448
354,masvnrarea,lotfrontage,0.22240657772323372
355,masvnrarea,lotarea,0.12682983005484705
356,masvnrarea,overallqual,0.42941797229304063
357,masvnrarea,overallcond,-0.13534034144352436
358,masvnrarea,yearbuilt,0.31329210987347866
359,masvnrarea,yearremodadd,0.19692760347278787
360,masvnrarea,masvnrarea,1.0
361,masvnrarea,bsmtfinsf1,0.3018719628767856
362,masvnrarea,bsmtfinsf2,-0.016019250024856237
363,masvnrarea,bsmtunfsf,0.09166765902138241
364,masvnrarea,totalbsmtsf,0.3970400294667641
365,masvnrarea,1stflrsf,0.3957361202958352
366,masvnrarea,2ndflrsf,0.12180543927284279
367,masvnrarea,lowqualfinsf,-0.05770062486679294
368,masvnrarea,grlivarea,0.4036114356856733
369,masvnrarea,bsmtfullbath,0.14011269823665617
370,masvnrarea,bsmthalfbath,0.015420665288763118
371,masvnrarea,fullbath,0.26015303492901437
372,masvnrarea,halfbath,0.19296485560826185
373,masvnrarea,bedroomabvgr,0.08054588411865271
374,masvnrarea,kitchenabvgr,-0.05099849777799431
375,masvnrarea,totrmsabvgrd,0.27956300287181163
376,masvnrarea,fireplaces,0.2720677109721942
377,masvnrarea,garageyrblt,0.2547838752880221
378,masvnrarea,garagecars,0.3601591548040935
379,masvnrarea,garagearea,0.37345811423483116
380,masvnrarea,wooddecksf,0.16546722867698652
381,masvnrarea,openporchsf,0.14374849886519603
382,masvnrarea,enclosedporch,-0.1107869796508224
383,masvnrarea,3ssnporch,0.013778472829281222
384,masvnrarea,screenporch,0.06564309551876979
385,masvnrarea,poolarea,0.004616908465694021
386,masvnrarea,miscval,0.04493362704407215
387,masvnrarea,mosold,-0.00027648942702464626
388,masvnrarea,yrsold,-0.017714954397350935
389,masvnrarea,saleprice,0.5082848443957281
390,bsmtfinsf1,ames_order,-0.03232148429611221
391,bsmtfinsf1,pid,-0.09837500160950957
392,bsmtfinsf1,mssubclass,-0.060075257238916886
393,bsmtfinsf1,lotfrontage,0.21558328505429644
394,bsmtfinsf1,lotarea,0.1915554435224191
395,bsmtfinsf1,overallqual,0.2841179983741233
396,bsmtfinsf1,overallcond,-0.05093499336002795
397,bsmtfinsf1,yearbuilt,0.2798696693265406
398,bsmtfinsf1,yearremodadd,0.15178982645261108
399,bsmtfinsf1,masvnrarea,0.3018719628767856
400,bsmtfinsf1,bsmtfinsf1,1.0
401,bsmtfinsf1,bsmtfinsf2,-0.05412934231179909
402,bsmtfinsf1,bsmtunfsf,-0.47787457497720737
403,bsmtfinsf1,totalbsmtsf,0.53654719735638
404,bsmtfinsf1,1stflrsf,0.4574721339565819
405,bsmtfinsf1,2ndflrsf,-0.1640135275163894
406,bsmtfinsf1,lowqualfinsf,-0.06617296563743148
407,bsmtfinsf1,grlivarea,0.20963289233702537
408,bsmtfinsf1,bsmtfullbath,0.6400204156661816
409,bsmtfinsf1,bsmthalfbath,0.07754799442772754
410,bsmtfinsf1,fullbath,0.07777241227699117
411,bsmtfinsf1,halfbath,-0.008457459548391635
412,bsmtfinsf1,bedroomabvgr,-0.1189585420586429
413,bsmtfinsf1,kitchenabvgr,-0.08673769876879249
414,bsmtfinsf1,totrmsabvgrd,0.04763059994512516
415,bsmtfinsf1,fireplaces,0.2958823350279893
416,bsmtfinsf1,garageyrblt,0.1942384265836527
417,bsmtfinsf1,garagecars,0.2554831241013155
418,bsmtfinsf1,garagearea,0.30987604596727525
419,bsmtfinsf1,wooddecksf,0.2240098097486701
420,bsmtfinsf1,openporchsf,0.12494717075605627
421,bsmtfinsf1,enclosedporch,-0.10045539407060101
422,bsmtfinsf1,3ssnporch,0.05054074618285443
423,bsmtfinsf1,screenporch,0.09587430607515444
424,bsmtfinsf1,poolarea,0.08413971514055141
425,bsmtfinsf1,miscval,0.09288575795971386
426,bsmtfinsf1,mosold,-0.001155061377700835
427,bsmtfinsf1,yrsold,0.022397376278229072
428,bsmtfinsf1,saleprice,0.4329144106073928
429,bsmtfinsf2,ames_order,-0.002772587808266854
430,bsmtfinsf2,pid,-0.001144918461151877
431,bsmtfinsf2,mssubclass,-0.07094585513337878
432,bsmtfinsf2,lotfrontage,0.045998934427213485
433,bsmtfinsf2,lotarea,0.083149512386996
434,bsmtfinsf2,overallqual,-0.04128705173071736
435,bsmtfinsf2,overallcond,0.04113362846385989
436,bsmtfinsf2,yearbuilt,-0.02741542237711297
437,bsmtfinsf2,yearremodadd,-0.062128640747611576
438,bsmtfinsf2,masvnrarea,-0.016019250024856237
439,bsmtfinsf2,bsmtfinsf1,-0.05412934231179909
440,bsmtfinsf2,bsmtfinsf2,1.0
441,bsmtfinsf2,bsmtunfsf,-0.23861663343252348
442,bsmtfinsf2,totalbsmtsf,0.08995840343421581
443,bsmtfinsf2,1stflrsf,0.08465069574748434
444,bsmtfinsf2,2ndflrsf,-0.09827826458754677
445,bsmtfinsf2,lowqualfinsf,-0.0049988776491797955
446,bsmtfinsf2,grlivarea,-0.018120425785347605
447,bsmtfinsf2,bsmtfullbath,0.1635118686200588
448,bsmtfinsf2,bsmthalfbath,0.09910149409497815
449,bsmtfinsf2,fullbath,-0.07638015401303941
450,bsmtfinsf2,halfbath,-0.03308392474613669
451,bsmtfinsf2,bedroomabvgr,-0.03314273971051832
452,bsmtfinsf2,kitchenabvgr,-0.03788531520757497
453,bsmtfinsf2,totrmsabvgrd,-0.04946479690028551
454,bsmtfinsf2,fireplaces,0.0670980362610106
455,bsmtfinsf2,garageyrblt,-0.06850713049151536
456,bsmtfinsf2,garagecars,-0.0144686646125076
457,bsmtfinsf2,garagearea,0.0033175281868263397
458,bsmtfinsf2,wooddecksf,0.09852750315496803
459,bsmtfinsf2,openporchsf,-0.005587020202244592
460,bsmtfinsf2,enclosedporch,0.032379840999852055
461,bsmtfinsf2,3ssnporch,-0.023325087372432746
462,bsmtfinsf2,screenporch,0.06295078462075918
463,bsmtfinsf2,poolarea,0.04439769473272357
464,bsmtfinsf2,miscval,-0.00520427442724482
465,bsmtfinsf2,mosold,-0.00948417957432169
466,bsmtfinsf2,yrsold,0.00710540426889212
467,bsmtfinsf2,saleprice,0.0058913977835306375
468,bsmtunfsf,ames_order,0.005780015641578209
469,bsmtunfsf,pid,-0.08770661221230788
470,bsmtunfsf,mssubclass,-0.1304210774974892
471,bsmtunfsf,lotfrontage,0.11674279494475429
472,bsmtunfsf,lotarea,0.023658474799269393
473,bsmtunfsf,overallqual,0.2700580054847201
474,bsmtunfsf,overallcond,-0.1368186783595517
475,bsmtunfsf,yearbuilt,0.12899822463491872
476,bsmtunfsf,yearremodadd,0.1648048161333448
477,bsmtunfsf,masvnrarea,0.09166765902138241
478,bsmtunfsf,bsmtfinsf1,-0.47787457497720737
479,bsmtunfsf,bsmtfinsf2,-0.23861663343252348
480,bsmtunfsf,bsmtunfsf,1.0
481,bsmtunfsf,totalbsmtsf,0.4117255075548332
482,bsmtunfsf,1stflrsf,0.29595189153412593
483,bsmtunfsf,2ndflrsf,0.0019803305274062027
484,bsmtunfsf,lowqualfinsf,0.0471761316288797
485,bsmtunfsf,grlivarea,0.23547342031136734
486,bsmtunfsf,bsmtfullbath,-0.399656450963744
487,bsmtunfsf,bsmthalfbath,-0.10606136768089225
488,bsmtunfsf,fullbath,0.2745809695101104
489,bsmtunfsf,halfbath,-0.03387020381080441
490,bsmtunfsf,bedroomabvgr,0.1881461222945265
491,bsmtunfsf,kitchenabvgr,0.06557938684784938
492,bsmtunfsf,totrmsabvgrd,0.2511310535049342
493,bsmtunfsf,fireplaces,0.0013887994432669143
494,bsmtunfsf,garageyrblt,0.1706990195116357
495,bsmtunfsf,garagecars,0.17945051927217184
496,bsmtunfsf,garagearea,0.16423630638114817
497,bsmtunfsf,wooddecksf,-0.03962149612183149
498,bsmtunfsf,openporchsf,0.11888007960171725
499,bsmtunfsf,enclosedporch,0.006228780148799267
500,bsmtunfsf,3ssnporch,-0.005445720706396467
501,bsmtunfsf,screenporch,-0.048083017668174174
502,bsmtunfsf,poolarea,-0.03199920700184414
503,bsmtunfsf,miscval,-0.010166312099330032
504,bsmtunfsf,mosold,0.02156871666371457
505,bsmtunfsf,yrsold,-0.03638415626595829
506,bsmtunfsf,saleprice,0.18285526000400842
507,totalbsmtsf,ames_order,-0.02871922563559063
508,totalbsmtsf,pid,-0.18964166941757224
509,totalbsmtsf,mssubclass,-0.21944515117424987
510,totalbsmtsf,lotfrontage,0.35377268636732623
511,totalbsmtsf,lotarea,0.25358856566694377
512,totalbsmtsf,overallqual,0.5472940489040146
513,totalbsmtsf,overallcond,-0.17334407740809746
514,totalbsmtsf,yearbuilt,0.40752623136718313
515,totalbsmtsf,yearremodadd,0.2974809756314818
516,totalbsmtsf,masvnrarea,0.3970400294667641
517,totalbsmtsf,bsmtfinsf1,0.53654719735638
518,totalbsmtsf,bsmtfinsf2,0.08995840343421581
519,totalbsmtsf,bsmtunfsf,0.4117255075548332
520,totalbsmtsf,totalbsmtsf,1.0
521,totalbsmtsf,1stflrsf,0.8007203902506776
522,totalbsmtsf,2ndflrsf,-0.2053454543985978
523,totalbsmtsf,lowqualfinsf,-0.02328521246318596
524,totalbsmtsf,grlivarea,0.4446752427971945
525,totalbsmtsf,bsmtfullbath,0.3262324264922732
526,totalbsmtsf,bsmthalfbath,0.012468827456684952
527,totalbsmtsf,fullbath,0.324973033504825
528,totalbsmtsf,halfbath,-0.055231099801128725
529,totalbsmtsf,bedroomabvgr,0.0519410106233293
530,totalbsmtsf,kitchenabvgr,-0.03881879264303407
531,totalbsmtsf,totrmsabvgrd,0.28075029563612036
532,totalbsmtsf,fireplaces,0.3330855752251759
533,totalbsmtsf,garageyrblt,0.3475712122690924
534,totalbsmtsf,garagecars,0.43760771084020905
535,totalbsmtsf,garagearea,0.48550440477616125
536,totalbsmtsf,wooddecksf,0.22993119488243238
537,totalbsmtsf,openporchsf,0.2456265040870878
538,totalbsmtsf,enclosedporch,-0.08522494870283792
539,totalbsmtsf,3ssnporch,0.03787130838421279
540,totalbsmtsf,screenporch,0.07534136074424798
541,totalbsmtsf,poolarea,0.07212760472980378
542,totalbsmtsf,miscval,0.0839042268090151
543,totalbsmtsf,mosold,0.016678197876358256
544,totalbsmtsf,yrsold,-0.010404941675136593
545,totalbsmtsf,saleprice,0.632280457106513
546,1stflrsf,ames_order,-0.013201334615269414
547,1stflrsf,pid,-0.1419016214578436
548,1stflrsf,mssubclass,-0.24782811989387057
549,1stflrsf,lotfrontage,0.4573914540102983
550,1stflrsf,lotarea,0.33223498083235187
551,1stflrsf,overallqual,0.47783707269186415
552,1stflrsf,overallcond,-0.1570515117761974
553,1stflrsf,yearbuilt,0.3104625452874176
554,1stflrsf,yearremodadd,0.24210781465639417
555,1stflrsf,masvnrarea,0.3957361202958352
556,1stflrsf,bsmtfinsf1,0.4574721339565819
557,1stflrsf,bsmtfinsf2,0.08465069574748434
558,1stflrsf,bsmtunfsf,0.29595189153412593
559,1stflrsf,totalbsmtsf,0.8007203902506776
560,1stflrsf,1stflrsf,1.0
561,1stflrsf,2ndflrsf,-0.2500572012022229
562,1stflrsf,lowqualfinsf,-0.012688737731056962
563,1stflrsf,grlivarea,0.5621658429320108
564,1stflrsf,bsmtfullbath,0.2617000733740329
565,1stflrsf,bsmthalfbath,0.011078120323582845
566,1stflrsf,fullbath,0.37158378128339437
567,1stflrsf,halfbath,-0.10420305663570621
568,1stflrsf,bedroomabvgr,0.1066478017726469
569,1stflrsf,kitchenabvgr,0.07602541026195414
570,1stflrsf,totrmsabvgrd,0.39016200889665625
571,1stflrsf,fireplaces,0.40634479567703946
572,1stflrsf,garageyrblt,0.26016971693636753
573,1stflrsf,garagecars,0.4394579262534472
574,1stflrsf,garagearea,0.49122270465878737
575,1stflrsf,wooddecksf,0.22713092086911288
576,1stflrsf,openporchsf,0.23804100965136152
577,1stflrsf,enclosedporch,-0.06571348831275531
578,1stflrsf,3ssnporch,0.044061425897684976
579,1stflrsf,screenporch,0.09831639453708191
580,1stflrsf,poolarea,0.12182055900185774
581,1stflrsf,miscval,0.09300266766557475
582,1stflrsf,mosold,0.04049616293423212
583,1stflrsf,yrsold,-0.01366701985472308
584,1stflrsf,saleprice,0.6216760632702544
585,2ndflrsf,ames_order,-0.00041656193344833726
586,2ndflrsf,pid,-0.0032893551273077163
587,2ndflrsf,mssubclass,0.30423679937155745
588,2ndflrsf,lotfrontage,0.029186790600845933
589,2ndflrsf,lotarea,0.03299629146226493
590,2ndflrsf,overallqual,0.241401692154844
591,2ndflrsf,overallcond,0.006218180585993943
592,2ndflrsf,yearbuilt,0.016827617607873564
593,2ndflrsf,yearremodadd,0.15893858694601942
594,2ndflrsf,masvnrarea,0.12180543927284279
595,2ndflrsf,bsmtfinsf1,-0.1640135275163894
596,2ndflrsf,bsmtfinsf2,-0.09827826458754677
597,2ndflrsf,bsmtunfsf,0.0019803305274062027
598,2ndflrsf,totalbsmtsf,-0.2053454543985978
599,2ndflrsf,1stflrsf,-0.2500572012022229
600,2ndflrsf,2ndflrsf,1.0
601,2ndflrsf,lowqualfinsf,0.01802437201116618
602,2ndflrsf,grlivarea,0.6552511798220234
603,2ndflrsf,bsmtfullbath,-0.16357914202154458
604,2ndflrsf,bsmthalfbath,-0.059605232078514356
605,2ndflrsf,fullbath,0.40414309494395867
606,2ndflrsf,halfbath,0.6116336701499882
607,2ndflrsf,bedroomabvgr,0.504650590000233
608,2ndflrsf,kitchenabvgr,0.06944365472849469
609,2ndflrsf,totrmsabvgrd,0.5852136527493832
610,2ndflrsf,fireplaces,0.16584449075913682
611,2ndflrsf,garageyrblt,0.08572004505916297
612,2ndflrsf,garagecars,0.18211889604369816
613,2ndflrsf,garagearea,0.12861413343739547
614,2ndflrsf,wooddecksf,0.08909715666891317
615,2ndflrsf,openporchsf,0.1845377593106296
616,2ndflrsf,enclosedporch,0.05542949383395591
617,2ndflrsf,3ssnporch,-0.032172155095575465
618,2ndflrsf,screenporch,0.011740504905380506
619,2ndflrsf,poolarea,0.04460244907024962
620,2ndflrsf,miscval,-0.005077986142719188
621,2ndflrsf,mosold,0.013247354144672346
622,2ndflrsf,yrsold,-0.018530355577625886
623,2ndflrsf,saleprice,0.2693733565895969
624,lowqualfinsf,ames_order,0.013588540809676352
625,lowqualfinsf,pid,0.0569404140116161
626,lowqualfinsf,mssubclass,0.02576537263813149
627,lowqualfinsf,lotfrontage,0.005249298822789165
628,lowqualfinsf,lotarea,0.0008121347764994829
629,lowqualfinsf,overallqual,-0.04867982655391361
630,lowqualfinsf,overallcond,0.009174695376387276
631,lowqualfinsf,yearbuilt,-0.14428230341828618
632,lowqualfinsf,yearremodadd,-0.06036467247549987
633,lowqualfinsf,masvnrarea,-0.05770062486679294
634,lowqualfinsf,bsmtfinsf1,-0.06617296563743148
635,lowqualfinsf,bsmtfinsf2,-0.0049988776491797955
636,lowqualfinsf,bsmtunfsf,0.0471761316288797
637,lowqualfinsf,totalbsmtsf,-0.02328521246318596
638,lowqualfinsf,1stflrsf,-0.012688737731056962
639,lowqualfinsf,2ndflrsf,0.01802437201116618
640,lowqualfinsf,lowqualfinsf,1.0
641,lowqualfinsf,grlivarea,0.09704967474052305
642,lowqualfinsf,bsmtfullbath,-0.04728273185098986
643,lowqualfinsf,bsmthalfbath,-0.013402792996572668
644,lowqualfinsf,fullbath,-0.002606228385085708
645,lowqualfinsf,halfbath,-0.03930267003366467
646,lowqualfinsf,bedroomabvgr,0.0705312481412552
647,lowqualfinsf,kitchenabvgr,0.0005171513267479104
648,lowqualfinsf,totrmsabvgrd,0.1021807367199252
649,lowqualfinsf,fireplaces,-0.006945869388629329
650,lowqualfinsf,garageyrblt,-0.05183697177721582
651,lowqualfinsf,garagecars,-0.06732709603041594
652,lowqualfinsf,garagearea,-0.053510114276418115
653,lowqualfinsf,wooddecksf,-0.01564632765130217
654,lowqualfinsf,openporchsf,-0.0007614230487383312
655,lowqualfinsf,enclosedporch,0.08732574949415477
656,lowqualfinsf,3ssnporch,-0.0045054983502715185
657,lowqualfinsf,screenporch,0.006942787676483624
658,lowqualfinsf,poolarea,0.035199864655318484
659,lowqualfinsf,miscval,-0.0059391836890692095
660,lowqualfinsf,mosold,0.011397485616050688
661,lowqualfinsf,yrsold,-0.0020743037377619774
662,lowqualfinsf,saleprice,-0.037659765237751656
663,grlivarea,ames_order,-0.009342355629645447
664,grlivarea,pid,-0.10757903456693839
665,grlivarea,mssubclass,0.06806085571118654
666,grlivarea,lotfrontage,0.38382172479666404
667,grlivarea,lotarea,0.2855992141342612
668,grlivarea,overallqual,0.5705558566643723
669,grlivarea,overallcond,-0.11564253505458724
670,grlivarea,yearbuilt,0.24172578752983453
671,grlivarea,yearremodadd,0.3168548379837694
672,grlivarea,masvnrarea,0.4036114356856733
673,grlivarea,bsmtfinsf1,0.20963289233702537
674,grlivarea,bsmtfinsf2,-0.018120425785347605
675,grlivarea,bsmtunfsf,0.23547342031136734
676,grlivarea,totalbsmtsf,0.4446752427971945
677,grlivarea,1stflrsf,0.5621658429320108
678,grlivarea,2ndflrsf,0.6552511798220234
679,grlivarea,lowqualfinsf,0.09704967474052305
680,grlivarea,grlivarea,1.0
681,grlivarea,bsmtfullbath,0.05855864983698789
682,grlivarea,bsmthalfbath,-0.04337721366326683
683,grlivarea,fullbath,0.6303208098774116
684,grlivarea,halfbath,0.43394862895154673
685,grlivarea,bedroomabvgr,0.5168075108650345
686,grlivarea,kitchenabvgr,0.11783567107819791
687,grlivarea,totrmsabvgrd,0.8077721448904648
688,grlivarea,fireplaces,0.454924195875302
689,grlivarea,garageyrblt,0.2728484866258342
690,grlivarea,garagecars,0.4888287801205191
691,grlivarea,garagearea,0.48489226874556585
692,grlivarea,wooddecksf,0.25015344241116716
693,grlivarea,openporchsf,0.3408565699345871
694,grlivarea,enclosedporch,0.004030276389399408
695,grlivarea,3ssnporch,0.006481005516746314
696,grlivarea,screenporch,0.0868044182988962
697,grlivarea,poolarea,0.1354634708752303
698,grlivarea,miscval,0.06725196030116182
699,grlivarea,mosold,0.04366493015547324
700,grlivarea,yrsold,-0.02648888641249043
701,grlivarea,saleprice,0.706779920976627
702,bsmtfullbath,ames_order,-0.042539482856390504
703,bsmtfullbath,pid,-0.03775944103600337
704,bsmtfullbath,mssubclass,0.013701478559147665
705,bsmtfullbath,lotfrontage,0.1089153769324406
706,bsmtfullbath,lotarea,0.12587726547710226
707,bsmtfullbath,overallqual,0.1678581238935048
708,bsmtfullbath,overallcond,-0.042766349419530565
709,bsmtfullbath,yearbuilt,0.2118492939689998
710,bsmtfullbath,yearremodadd,0.13438720208622099
711,bsmtfullbath,masvnrarea,0.14011269823665617
712,bsmtfullbath,bsmtfinsf1,0.6400204156661816
713,bsmtfullbath,bsmtfinsf2,0.1635118686200588
714,bsmtfullbath,bsmtunfsf,-0.399656450963744
715,bsmtfullbath,totalbsmtsf,0.3262324264922732
716,bsmtfullbath,1stflrsf,0.2617000733740329
717,bsmtfullbath,2ndflrsf,-0.16357914202154458
718,bsmtfullbath,lowqualfinsf,-0.04728273185098986
719,bsmtfullbath,grlivarea,0.05855864983698789
720,bsmtfullbath,bsmtfullbath,1.0
721,bsmtfullbath,bsmthalfbath,-0.14920423425358173
722,bsmtfullbath,fullbath,-0.02260576758944531
723,bsmtfullbath,halfbath,-0.03527075740756285
724,bsmtfullbath,bedroomabvgr,-0.16089700509853155
725,bsmtfullbath,kitchenabvgr,-0.018469757466106417
726,bsmtfullbath,totrmsabvgrd,-0.04335505708955407
727,bsmtfullbath,fireplaces,0.173325965747062
728,bsmtfullbath,garageyrblt,0.1503222374864319
729,bsmtfullbath,garagecars,0.16203145132540495
730,bsmtfullbath,garagearea,0.18448933796505976
731,bsmtfullbath,wooddecksf,0.18694504799293585
732,bsmtfullbath,openporchsf,0.08226792738383386
733,bsmtfullbath,enclosedporch,-0.06923451472136653
734,bsmtfullbath,3ssnporch,0.027034480141147274
735,bsmtfullbath,screenporch,0.05220837304008104
736,bsmtfullbath,poolarea,0.04370510565860155
737,bsmtfullbath,miscval,-0.004868391192897168
738,bsmtfullbath,mosold,-0.0034711848223326763
739,bsmtfullbath,yrsold,0.04490461288051803
740,bsmtfullbath,saleprice,0.2760499519345097
741,bsmthalfbath,ames_order,0.02497827751853664
742,bsmthalfbath,pid,0.004328290538918271
743,bsmthalfbath,mssubclass,-0.003329286177544196
744,bsmthalfbath,lotfrontage,-0.024723809963396525
745,bsmthalfbath,lotarea,0.026903072476336238
746,bsmthalfbath,overallqual,-0.04164656884197478
747,bsmthalfbath,overallcond,0.08445549693542308
748,bsmthalfbath,yearbuilt,-0.0306264746679408
749,bsmthalfbath,yearremodadd,-0.04629210869086187
750,bsmthalfbath,masvnrarea,0.015420665288763118
751,bsmthalfbath,bsmtfinsf1,0.07754799442772754
752,bsmthalfbath,bsmtfinsf2,0.09910149409497815
753,bsmthalfbath,bsmtunfsf,-0.10606136768089225
754,bsmthalfbath,totalbsmtsf,0.012468827456684952
755,bsmthalfbath,1stflrsf,0.011078120323582845
756,bsmthalfbath,2ndflrsf,-0.059605232078514356
757,bsmthalfbath,lowqualfinsf,-0.013402792996572668
758,bsmthalfbath,grlivarea,-0.04337721366326683
759,bsmthalfbath,bsmtfullbath,-0.14920423425358173
760,bsmthalfbath,bsmthalfbath,1.0
761,bsmthalfbath,fullbath,-0.04630032791485307
762,bsmthalfbath,halfbath,-0.05797989964065035
763,bsmthalfbath,bedroomabvgr,0.020493926344918485
764,bsmthalfbath,kitchenabvgr,-0.06470849378545183
765,bsmthalfbath,totrmsabvgrd,-0.04804443886227367
766,bsmthalfbath,fireplaces,0.038231214370372975
767,bsmthalfbath,garageyrblt,-0.05854833080873744
768,bsmthalfbath,garagecars,-0.0335049920892189
769,bsmthalfbath,garagearea,-0.02137347903532501
770,bsmthalfbath,wooddecksf,0.051430472693947
771,bsmthalfbath,openporchsf,-0.035068578903745304
772,bsmthalfbath,enclosedporch,-0.009334008597579711
773,bsmthalfbath,3ssnporch,0.026953997179806632
774,bsmthalfbath,screenporch,0.04232555887268684
775,bsmthalfbath,poolarea,0.06690169681514498
776,bsmthalfbath,miscval,0.036981581710491686
777,bsmthalfbath,mosold,0.022698999240780438
778,bsmthalfbath,yrsold,-0.01952901337950858
779,bsmthalfbath,saleprice,-0.03583540976645373
780,fullbath,ames_order,-0.04498465053335424
781,fullbath,pid,-0.17143124769338158
782,fullbath,mssubclass,0.13463133168940303
783,fullbath,lotfrontage,0.1845210070115084
784,fullbath,lotarea,0.1274330111246987
785,fullbath,overallqual,0.5222625683015596
786,fullbath,overallcond,-0.21431592454295378
787,fullbath,yearbuilt,0.4694061879386758
788,fullbath,yearremodadd,0.45726590954979673
789,fullbath,masvnrarea,0.26015303492901437
790,fullbath,bsmtfinsf1,0.07777241227699117
791,fullbath,bsmtfinsf2,-0.07638015401303941
792,fullbath,bsmtunfsf,0.2745809695101104
793,fullbath,totalbsmtsf,0.324973033504825
794,fullbath,1stflrsf,0.37158378128339437
795,fullbath,2ndflrsf,0.40414309494395867
796,fullbath,lowqualfinsf,-0.002606228385085708
797,fullbath,grlivarea,0.6303208098774116
798,fullbath,bsmtfullbath,-0.02260576758944531
799,fullbath,bsmthalfbath,-0.04630032791485307
800,fullbath,fullbath,1.0
801,fullbath,halfbath,0.15968897256240527
802,fullbath,bedroomabvgr,0.35948938612375264
803,fullbath,kitchenabvgr,0.17117512341631505
804,fullbath,totrmsabvgrd,0.5285991741538351
805,fullbath,fireplaces,0.2297930975339177
806,fullbath,garageyrblt,0.4943968985384935
807,fullbath,garagecars,0.47818152392476754
808,fullbath,garagearea,0.4074640814185636
809,fullbath,wooddecksf,0.17957386349486718
810,fullbath,openporchsf,0.25867454513963767
811,fullbath,enclosedporch,-0.11779540510827348
812,fullbath,3ssnporch,0.015434564920543169
813,fullbath,screenporch,-0.015130385481380078
814,fullbath,poolarea,0.028204593240410088
815,fullbath,miscval,-0.009771106676364598
816,fullbath,mosold,0.04603243606555566
817,fullbath,yrsold,-0.0047537118741519
818,fullbath,saleprice,0.5456039005201111
819,halfbath,ames_order,-0.03974862068130734
820,halfbath,pid,-0.1666361434436913
821,halfbath,mssubclass,0.17587916599124262
822,halfbath,lotfrontage,0.04187994977255485
823,halfbath,lotarea,0.0354974529259759
824,halfbath,overallqual,0.2688533357370495
825,halfbath,overallcond,-0.0881270683238176
826,halfbath,yearbuilt,0.2692683271437978
827,halfbath,yearremodadd,0.21177075153235375
828,halfbath,masvnrarea,0.19296485560826185
829,halfbath,bsmtfinsf1,-0.008457459548391635
830,halfbath,bsmtfinsf2,-0.03308392474613669
831,halfbath,bsmtunfsf,-0.03387020381080441
832,halfbath,totalbsmtsf,-0.055231099801128725
833,halfbath,1stflrsf,-0.10420305663570621
834,halfbath,2ndflrsf,0.6116336701499882
835,halfbath,lowqualfinsf,-0.03930267003366467
836,halfbath,grlivarea,0.43394862895154673
837,halfbath,bsmtfullbath,-0.03527075740756285
838,halfbath,bsmthalfbath,-0.05797989964065035
839,halfbath,fullbath,0.15968897256240527
840,halfbath,halfbath,1.0
841,halfbath,bedroomabvgr,0.24705339122801978
842,halfbath,kitchenabvgr,-0.04232055209154055
843,halfbath,totrmsabvgrd,0.34649277273375084
844,halfbath,fireplaces,0.20187139714913802
845,halfbath,garageyrblt,0.22517384441390795
846,halfbath,garagecars,0.23342919523472294
847,halfbath,garagearea,0.17833247024330925
848,halfbath,wooddecksf,0.11521236068928367
849,halfbath,openporchsf,0.18070420913812643
850,halfbath,enclosedporch,-0.08131168210781368
851,halfbath,3ssnporch,-0.023230981284813178
852,halfbath,screenporch,0.035989523407386474
853,halfbath,poolarea,0.0015151007075019237
854,halfbath,miscval,0.02664840177000757
855,halfbath,mosold,-0.0013106049578856353
856,halfbath,yrsold,0.0015614670270799925
857,halfbath,saleprice,0.2850560315387106
858,bedroomabvgr,ames_order,0.015423661408543832
859,bedroomabvgr,pid,0.006345185625457015
860,bedroomabvgr,mssubclass,-0.019208095446001695
861,bedroomabvgr,lotfrontage,0.2404419389378976
862,bedroomabvgr,lotarea,0.13656879282393236
863,bedroomabvgr,overallqual,0.06329104421957787
864,bedroomabvgr,overallcond,-0.006137385046131614
865,bedroomabvgr,yearbuilt,-0.05509322912634792
866,bedroomabvgr,yearremodadd,-0.021536320092818802
867,bedroomabvgr,masvnrarea,0.08054588411865271
868,bedroomabvgr,bsmtfinsf1,-0.1189585420586429
869,bedroomabvgr,bsmtfinsf2,-0.03314273971051832
870,bedroomabvgr,bsmtunfsf,0.1881461222945265
871,bedroomabvgr,totalbsmtsf,0.0519410106233293
872,bedroomabvgr,1stflrsf,0.1066478017726469
873,bedroomabvgr,2ndflrsf,0.504650590000233
874,bedroomabvgr,lowqualfinsf,0.0705312481412552
875,bedroomabvgr,grlivarea,0.5168075108650345
876,bedroomabvgr,bsmtfullbath,-0.16089700509853155
877,bedroomabvgr,bsmthalfbath,0.020493926344918485
878,bedroomabvgr,fullbath,0.35948938612375264
879,bedroomabvgr,halfbath,0.24705339122801978
880,bedroomabvgr,bedroomabvgr,1.0
881,bedroomabvgr,kitchenabvgr,0.24073714273846403
882,bedroomabvgr,totrmsabvgrd,0.6726471644586677
883,bedroomabvgr,fireplaces,0.07697085002047223
884,bedroomabvgr,garageyrblt,-0.04600606976016732
885,bedroomabvgr,garagecars,0.09135865586839015
886,bedroomabvgr,garagearea,0.07361032248962764
887,bedroomabvgr,wooddecksf,0.029710888399972622
888,bedroomabvgr,openporchsf,0.08364962376618519
889,bedroomabvgr,enclosedporch,0.0521153628488417
890,bedroomabvgr,3ssnporch,-0.047150983832692187
891,bedroomabvgr,screenporch,0.009250464375985276
892,bedroomabvgr,poolarea,0.03670695149480577
893,bedroomabvgr,miscval,0.0008872237836965921
894,bedroomabvgr,mosold,0.05367650624004742
895,bedroomabvgr,yrsold,-0.018007528266986192
896,bedroomabvgr,saleprice,0.14391342840037827
897,kitchenabvgr,ames_order,-0.017685208761434423
898,kitchenabvgr,pid,0.07646952140916928
899,kitchenabvgr,mssubclass,0.2576983920042202
900,kitchenabvgr,lotfrontage,0.005407222510146038
901,kitchenabvgr,lotarea,-0.020300505043239037
902,kitchenabvgr,overallqual,-0.15974423976347515
903,kitchenabvgr,overallcond,-0.08638612211564531
904,kitchenabvgr,yearbuilt,-0.13785174416686324
905,kitchenabvgr,yearremodadd,-0.14240445947661828
906,kitchenabvgr,masvnrarea,-0.05099849777799431
907,kitchenabvgr,bsmtfinsf1,-0.08673769876879249
908,kitchenabvgr,bsmtfinsf2,-0.03788531520757497
909,kitchenabvgr,bsmtunfsf,0.06557938684784938
910,kitchenabvgr,totalbsmtsf,-0.03881879264303407
911,kitchenabvgr,1stflrsf,0.07602541026195414
912,kitchenabvgr,2ndflrsf,0.06944365472849469
913,kitchenabvgr,lowqualfinsf,0.0005171513267479104
914,kitchenabvgr,grlivarea,0.11783567107819791
915,kitchenabvgr,bsmtfullbath,-0.018469757466106417
916,kitchenabvgr,bsmthalfbath,-0.06470849378545183
917,kitchenabvgr,fullbath,0.17117512341631505
918,kitchenabvgr,halfbath,-0.04232055209154055
919,kitchenabvgr,bedroomabvgr,0.24073714273846403
920,kitchenabvgr,kitchenabvgr,1.0
921,kitchenabvgr,totrmsabvgrd,0.2944449850361745
922,kitchenabvgr,fireplaces,-0.10808516192708098
923,kitchenabvgr,garageyrblt,-0.09310353401595378
924,kitchenabvgr,garagecars,-0.03709193814948859
925,kitchenabvgr,garagearea,-0.05777902868564043
926,kitchenabvgr,wooddecksf,-0.08741049949849877
927,kitchenabvgr,openporchsf,-0.06828338870745261
928,kitchenabvgr,enclosedporch,0.027910821173322088
929,kitchenabvgr,3ssnporch,-0.02137886145122375
930,kitchenabvgr,screenporch,-0.056336505757209505
931,kitchenabvgr,poolarea,-0.013065797205973919
932,kitchenabvgr,miscval,0.025145215674391642
933,kitchenabvgr,mosold,0.03520114016042335
934,kitchenabvgr,yrsold,0.035421412470736095
935,kitchenabvgr,saleprice,-0.11981372022707376
936,totrmsabvgrd,ames_order,0.002612167831104346
937,totrmsabvgrd,pid,-0.06898067756166136
938,totrmsabvgrd,mssubclass,0.03189835577744859
939,totrmsabvgrd,lotfrontage,0.3531372966156298
940,totrmsabvgrd,lotarea,0.21659664514866006
941,totrmsabvgrd,overallqual,0.3806928383741777
942,totrmsabvgrd,overallcond,-0.08981604440298664
943,totrmsabvgrd,yearbuilt,0.11191863253760842
944,totrmsabvgrd,yearremodadd,0.19752839412904605
945,totrmsabvgrd,masvnrarea,0.27956300287181163
946,totrmsabvgrd,bsmtfinsf1,0.04763059994512516
947,totrmsabvgrd,bsmtfinsf2,-0.04946479690028551
948,totrmsabvgrd,bsmtunfsf,0.2511310535049342
949,totrmsabvgrd,totalbsmtsf,0.28075029563612036
950,totrmsabvgrd,1stflrsf,0.39016200889665625
951,totrmsabvgrd,2ndflrsf,0.5852136527493832
952,totrmsabvgrd,lowqualfinsf,0.1021807367199252
953,totrmsabvgrd,grlivarea,0.8077721448904648
954,totrmsabvgrd,bsmtfullbath,-0.04335505708955407
955,totrmsabvgrd,bsmthalfbath,-0.04804443886227367
956,totrmsabvgrd,fullbath,0.5285991741538351
957,totrmsabvgrd,halfbath,0.34649277273375084
958,totrmsabvgrd,bedroomabvgr,0.6726471644586677
959,totrmsabvgrd,kitchenabvgr,0.2944449850361745
960,totrmsabvgrd,totrmsabvgrd,1.0
961,totrmsabvgrd,fireplaces,0.30286527545749725
962,totrmsabvgrd,garageyrblt,0.1610802158442476
963,totrmsabvgrd,garagecars,0.35555703264418886
964,totrmsabvgrd,garagearea,0.3272801032121321
965,totrmsabvgrd,wooddecksf,0.15473547675235655
966,totrmsabvgrd,openporchsf,0.2356839480029311
967,totrmsabvgrd,enclosedporch,0.017221314586615997
968,totrmsabvgrd,3ssnporch,-0.025097274295664437
969,totrmsabvgrd,screenporch,0.03373113223558665
970,totrmsabvgrd,poolarea,0.07210284015885512
971,totrmsabvgrd,miscval,0.06113382509608877
972,totrmsabvgrd,mosold,0.043784435887807505
973,totrmsabvgrd,yrsold,-0.030497605065601344
974,totrmsabvgrd,saleprice,0.49547441685703353
975,fireplaces,ames_order,-0.019155567368453166
976,fireplaces,pid,-0.10805550581450518
977,fireplaces,mssubclass,-0.049955356647429935
978,fireplaces,lotfrontage,0.2572552130021183
979,fireplaces,lotarea,0.2569891136979704
980,fireplaces,overallqual,0.3930069224319971
981,fireplaces,overallcond,-0.031702269934390695
982,fireplaces,yearbuilt,0.17067208619298077
983,fireplaces,yearremodadd,0.13332213313073432
984,fireplaces,masvnrarea,0.2720677109721942
985,fireplaces,bsmtfinsf1,0.2958823350279893
986,fireplaces,bsmtfinsf2,0.0670980362610106
987,fireplaces,bsmtunfsf,0.0013887994432669143
988,fireplaces,totalbsmtsf,0.3330855752251759
989,fireplaces,1stflrsf,0.40634479567703946
990,fireplaces,2ndflrsf,0.16584449075913682
991,fireplaces,lowqualfinsf,-0.006945869388629329
992,fireplaces,grlivarea,0.454924195875302
993,fireplaces,bsmtfullbath,0.173325965747062
994,fireplaces,bsmthalfbath,0.038231214370372975
995,fireplaces,fullbath,0.2297930975339177
996,fireplaces,halfbath,0.20187139714913802
997,fireplaces,bedroomabvgr,0.07697085002047223
998,fireplaces,kitchenabvgr,-0.10808516192708098
999,fireplaces,totrmsabvgrd,0.30286527545749725
1000,fireplaces,fireplaces,1.0
1001,fireplaces,garageyrblt,0.08928438095274494
1002,fireplaces,garagecars,0.32120631136996414
1003,fireplaces,garagearea,0.29385331531959963
1004,fireplaces,wooddecksf,0.2280642192118092
1005,fireplaces,openporchsf,0.1596368735403523
1006,fireplaces,enclosedporch,-0.00024956170686413453
1007,fireplaces,3ssnporch,0.018414254345838287
1008,fireplaces,screenporch,0.16800393536883254
1009,fireplaces,poolarea,0.09844859324570655
1010,fireplaces,miscval,0.008192023726412714
1011,fireplaces,mosold,0.03215247836202567
1012,fireplaces,yrsold,-0.007611859524613947
1013,fireplaces,saleprice,0.4745580925917722
1014,garageyrblt,ames_order,-0.05115954145163522
1015,garageyrblt,pid,-0.2568287325595379
1016,garageyrblt,mssubclass,0.08875432398772047
1017,garageyrblt,lotfrontage,0.07630641437587243
1018,garageyrblt,lotarea,-0.008952151990981823
1019,garageyrblt,overallqual,0.570569276294685
1020,garageyrblt,overallcond,-0.3260168859310349
1021,garageyrblt,yearbuilt,0.8348494976643408
1022,garageyrblt,yearremodadd,0.6523102384076024
1023,garageyrblt,masvnrarea,0.2547838752880221
1024,garageyrblt,bsmtfinsf1,0.1942384265836527
1025,garageyrblt,bsmtfinsf2,-0.06850713049151536
1026,garageyrblt,bsmtunfsf,0.1706990195116357
1027,garageyrblt,totalbsmtsf,0.3475712122690924
1028,garageyrblt,1stflrsf,0.26016971693636753
1029,garageyrblt,2ndflrsf,0.08572004505916297
1030,garageyrblt,lowqualfinsf,-0.05183697177721582
1031,garageyrblt,grlivarea,0.2728484866258342
1032,garageyrblt,bsmtfullbath,0.1503222374864319
1033,garageyrblt,bsmthalfbath,-0.05854833080873744
1034,garageyrblt,fullbath,0.4943968985384935
1035,garageyrblt,halfbath,0.22517384441390795
1036,garageyrblt,bedroomabvgr,-0.04600606976016732
1037,garageyrblt,kitchenabvgr,-0.09310353401595378
1038,garageyrblt,totrmsabvgrd,0.1610802158442476
1039,garageyrblt,fireplaces,0.08928438095274494
1040,garageyrblt,garageyrblt,1.0
1041,garageyrblt,garagecars,0.5867311678011484
1042,garageyrblt,garagearea,0.5550192789427393
1043,garageyrblt,wooddecksf,0.22199063085386625
1044,garageyrblt,openporchsf,0.23123955957247638
1045,garageyrblt,enclosedporch,-0.300879019037
1046,garageyrblt,3ssnporch,0.020616872519505426
1047,garageyrblt,screenporch,-0.06251548609540639
1048,garageyrblt,poolarea,-0.014512894573411282
1049,garageyrblt,miscval,-0.009265288152659422
1050,garageyrblt,mosold,0.024498318958846757
1051,garageyrblt,yrsold,-0.005159101142669775
1052,garageyrblt,saleprice,0.5269653487423954
1053,garagecars,ames_order,-0.03618515899591096
1054,garagecars,pid,-0.23748369261315222
1055,garagecars,mssubclass,-0.04588292716366817
1056,garagecars,lotfrontage,0.3087056763819581
1057,garagecars,lotarea,0.1795123888497797
1058,garagecars,overallqual,0.5995448995511717
1059,garagecars,overallcond,-0.1815570536319246
1060,garagecars,yearbuilt,0.5374434737131226
1061,garagecars,yearremodadd,0.4254033452489777
1062,garagecars,masvnrarea,0.3601591548040935
1063,garagecars,bsmtfinsf1,0.2554831241013155
1064,garagecars,bsmtfinsf2,-0.0144686646125076
1065,garagecars,bsmtunfsf,0.17945051927217184
1066,garagecars,totalbsmtsf,0.43760771084020905
1067,garagecars,1stflrsf,0.4394579262534472
1068,garagecars,2ndflrsf,0.18211889604369816
1069,garagecars,lowqualfinsf,-0.06732709603041594
1070,garagecars,grlivarea,0.4888287801205191
1071,garagecars,bsmtfullbath,0.16203145132540495
1072,garagecars,bsmthalfbath,-0.0335049920892189
1073,garagecars,fullbath,0.47818152392476754
1074,garagecars,halfbath,0.23342919523472294
1075,garagecars,bedroomabvgr,0.09135865586839015
1076,garagecars,kitchenabvgr,-0.03709193814948859
1077,garagecars,totrmsabvgrd,0.35555703264418886
1078,garagecars,fireplaces,0.32120631136996414
1079,garagecars,garageyrblt,0.5867311678011484
1080,garagecars,garagecars,1.0
1081,garagecars,garagearea,0.8896762825411813
1082,garagecars,wooddecksf,0.24122618516586572
1083,garagecars,openporchsf,0.20418225765851816
1084,garagecars,enclosedporch,-0.1328401963106428
1085,garagecars,3ssnporch,0.02334519686083479
1086,garagecars,screenporch,0.0430116374357578
1087,garagecars,poolarea,0.03039277103072073
1088,garagecars,miscval,-0.016947770652682406
1089,garagecars,mosold,0.04984720342995433
1090,garagecars,yrsold,-0.022488092977910178
1091,garagecars,saleprice,0.6478765953956679
1092,garagearea,ames_order,-0.03543503237377296
1093,garagearea,pid,-0.21060592022200308
1094,garagearea,mssubclass,-0.1032386811136395
1095,garagearea,lotfrontage,0.3585053420557823
1096,garagearea,lotarea,0.21282163987754882
1097,garagearea,overallqual,0.5635025491286402
1098,garagearea,overallcond,-0.15375390672076564
1099,garagearea,yearbuilt,0.4801313346964973
1100,garagearea,yearremodadd,0.3764381815435671
1101,garagearea,masvnrarea,0.37345811423483116
1102,garagearea,bsmtfinsf1,0.30987604596727525
1103,garagearea,bsmtfinsf2,0.0033175281868263397
1104,garagearea,bsmtunfsf,0.16423630638114817
1105,garagearea,totalbsmtsf,0.48550440477616125
1106,garagearea,1stflrsf,0.49122270465878737
1107,garagearea,2ndflrsf,0.12861413343739547
1108,garagearea,lowqualfinsf,-0.053510114276418115
1109,garagearea,grlivarea,0.48489226874556585
1110,garagearea,bsmtfullbath,0.18448933796505976
1111,garagearea,bsmthalfbath,-0.02137347903532501
1112,garagearea,fullbath,0.4074640814185636
1113,garagearea,halfbath,0.17833247024330925
1114,garagearea,bedroomabvgr,0.07361032248962764
1115,garagearea,kitchenabvgr,-0.05777902868564043
1116,garagearea,totrmsabvgrd,0.3272801032121321
1117,garagearea,fireplaces,0.29385331531959963
1118,garagearea,garageyrblt,0.5550192789427393
1119,garagearea,garagecars,0.8896762825411813
1120,garagearea,garagearea,1.0
1121,garagearea,wooddecksf,0.2383708772992925
1122,garagearea,openporchsf,0.23291181779855358
1123,garagearea,enclosedporch,-0.1062718646221051
1124,garagearea,3ssnporch,0.029457727083461303
1125,garagearea,screenporch,0.062436225754519
1126,garagearea,poolarea,0.05305105080695087
1127,garagearea,miscval,0.008466228516937499
1128,garagearea,mosold,0.039544478884575775
1129,garagearea,yrsold,-0.013018272157951247
1130,garagearea,saleprice,0.6404007669873966
1131,wooddecksf,ames_order,-0.011291843111299733
1132,wooddecksf,pid,-0.05113497005336165
1133,wooddecksf,mssubclass,-0.017309823365428845
1134,wooddecksf,lotfrontage,0.12008401266565305
1135,wooddecksf,lotarea,0.15721221858677834
1136,wooddecksf,overallqual,0.2556625377930354
1137,wooddecksf,overallcond,0.02034400048402102
1138,wooddecksf,yearbuilt,0.2289638091951378
1139,wooddecksf,yearremodadd,0.2178565130800881
1140,wooddecksf,masvnrarea,0.16546722867698652
1141,wooddecksf,bsmtfinsf1,0.2240098097486701
1142,wooddecksf,bsmtfinsf2,0.09852750315496803
1143,wooddecksf,bsmtunfsf,-0.03962149612183149
1144,wooddecksf,totalbsmtsf,0.22993119488243238
1145,wooddecksf,1stflrsf,0.22713092086911288
1146,wooddecksf,2ndflrsf,0.08909715666891317
1147,wooddecksf,lowqualfinsf,-0.01564632765130217
1148,wooddecksf,grlivarea,0.25015344241116716
1149,wooddecksf,bsmtfullbath,0.18694504799293585
1150,wooddecksf,bsmthalfbath,0.051430472693947
1151,wooddecksf,fullbath,0.17957386349486718
1152,wooddecksf,halfbath,0.11521236068928367
1153,wooddecksf,bedroomabvgr,0.029710888399972622
1154,wooddecksf,kitchenabvgr,-0.08741049949849877
1155,wooddecksf,totrmsabvgrd,0.15473547675235655
1156,wooddecksf,fireplaces,0.2280642192118092
1157,wooddecksf,garageyrblt,0.22199063085386625
1158,wooddecksf,garagecars,0.24122618516586572
1159,wooddecksf,garagearea,0.2383708772992925
1160,wooddecksf,wooddecksf,1.0
1161,wooddecksf,openporchsf,0.03924270484821361
1162,wooddecksf,enclosedporch,-0.11913598875805265
1163,wooddecksf,3ssnporch,-0.003967192670820176
1164,wooddecksf,screenporch,-0.05219090319780959
1165,wooddecksf,poolarea,0.09415550742780901
1166,wooddecksf,miscval,0.05681994498541464
1167,wooddecksf,mosold,0.016973811472072598
1168,wooddecksf,yrsold,0.0008817083082455293
1169,wooddecksf,saleprice,0.32714317398316844
1170,openporchsf,ames_order,0.016354643252857487
1171,openporchsf,pid,-0.07131061096241692
1172,openporchsf,mssubclass,-0.014822575001911857
1173,openporchsf,lotfrontage,0.16304025358986035
1174,openporchsf,lotarea,0.10375977906592634
1175,openporchsf,overallqual,0.2984121708274674
1176,openporchsf,overallcond,-0.06893417472840756
1177,openporchsf,yearbuilt,0.19836495443497665
1178,openporchsf,yearremodadd,0.2417482460943927
1179,openporchsf,masvnrarea,0.14374849886519603
1180,openporchsf,bsmtfinsf1,0.12494717075605627
1181,openporchsf,bsmtfinsf2,-0.005587020202244592
1182,openporchsf,bsmtunfsf,0.11888007960171725
1183,openporchsf,totalbsmtsf,0.2456265040870878
1184,openporchsf,1stflrsf,0.23804100965136152
1185,openporchsf,2ndflrsf,0.1845377593106296
1186,openporchsf,lowqualfinsf,-0.0007614230487383312
1187,openporchsf,grlivarea,0.3408565699345871
1188,openporchsf,bsmtfullbath,0.08226792738383386
1189,openporchsf,bsmthalfbath,-0.035068578903745304
1190,openporchsf,fullbath,0.25867454513963767
1191,openporchsf,halfbath,0.18070420913812643
1192,openporchsf,bedroomabvgr,0.08364962376618519
1193,openporchsf,kitchenabvgr,-0.06828338870745261
1194,openporchsf,totrmsabvgrd,0.2356839480029311
1195,openporchsf,fireplaces,0.1596368735403523
1196,openporchsf,garageyrblt,0.23123955957247638
1197,openporchsf,garagecars,0.20418225765851816
1198,openporchsf,garagearea,0.23291181779855358
1199,openporchsf,wooddecksf,0.03924270484821361
1200,openporchsf,openporchsf,1.0
1201,openporchsf,enclosedporch,-0.05987465067823011
1202,openporchsf,3ssnporch,-0.00945808247291706
1203,openporchsf,screenporch,0.0475480670968248
1204,openporchsf,poolarea,0.06413478036929958
1205,openporchsf,miscval,0.07725446004257908
1206,openporchsf,mosold,0.033651189477304444
1207,openporchsf,yrsold,-0.03746716377340062
1208,openporchsf,saleprice,0.312950505662715
1209,enclosedporch,ames_order,0.027908198767567734
1210,enclosedporch,pid,0.1625190962445112
1211,enclosedporch,mssubclass,-0.02286559581869786
1212,enclosedporch,lotfrontage,0.012758348017812607
1213,enclosedporch,lotarea,0.0218681784276207
1214,enclosedporch,overallqual,-0.14033206109692867
1215,enclosedporch,overallcond,0.07145901991714897
1216,enclosedporch,yearbuilt,-0.3743644119584816
1217,enclosedporch,yearremodadd,-0.22038326512126033
1218,enclosedporch,masvnrarea,-0.1107869796508224
1219,enclosedporch,bsmtfinsf1,-0.10045539407060101
1220,enclosedporch,bsmtfinsf2,0.032379840999852055
1221,enclosedporch,bsmtunfsf,0.006228780148799267
1222,enclosedporch,totalbsmtsf,-0.08522494870283792
1223,enclosedporch,1stflrsf,-0.06571348831275531
1224,enclosedporch,2ndflrsf,0.05542949383395591
1225,enclosedporch,lowqualfinsf,0.08732574949415477
1226,enclosedporch,grlivarea,0.004030276389399408
1227,enclosedporch,bsmtfullbath,-0.06923451472136653
1228,enclosedporch,bsmthalfbath,-0.009334008597579711
1229,enclosedporch,fullbath,-0.11779540510827348
1230,enclosedporch,halfbath,-0.08131168210781368
1231,enclosedporch,bedroomabvgr,0.0521153628488417
1232,enclosedporch,kitchenabvgr,0.027910821173322088
1233,enclosedporch,totrmsabvgrd,0.017221314586615997
1234,enclosedporch,fireplaces,-0.00024956170686413453
1235,enclosedporch,garageyrblt,-0.300879019037
1236,enclosedporch,garagecars,-0.1328401963106428
1237,enclosedporch,garagearea,-0.1062718646221051
1238,enclosedporch,wooddecksf,-0.11913598875805265
1239,enclosedporch,openporchsf,-0.05987465067823011
1240,enclosedporch,enclosedporch,1.0
1241,enclosedporch,3ssnporch,-0.032674101607743755
1242,enclosedporch,screenporch,-0.06396531308393494
1243,enclosedporch,poolarea,0.0925962792548683
1244,enclosedporch,miscval,0.008772523993329544
1245,enclosedporch,mosold,-0.021324189426585084
1246,enclosedporch,yrsold,-0.0005048655387201838
1247,enclosedporch,saleprice,-0.12878744150780605
1248,3ssnporch,ames_order,-0.024975265075870147
1249,3ssnporch,pid,-0.024893931154063815
1250,3ssnporch,mssubclass,-0.03795583449675641
1251,3ssnporch,lotfrontage,0.028564426298503517
1252,3ssnporch,lotarea,0.01624313737485733
1253,3ssnporch,overallqual,0.018240317304361667
1254,3ssnporch,overallcond,0.043851973920452446
1255,3ssnporch,yearbuilt,0.015803186251011365
1256,3ssnporch,yearremodadd,0.03741237678019553
1257,3ssnporch,masvnrarea,0.013778472829281222
1258,3ssnporch,bsmtfinsf1,0.05054074618285443
1259,3ssnporch,bsmtfinsf2,-0.023325087372432746
1260,3ssnporch,bsmtunfsf,-0.005445720706396467
1261,3ssnporch,totalbsmtsf,0.03787130838421279
1262,3ssnporch,1stflrsf,0.044061425897684976
1263,3ssnporch,2ndflrsf,-0.032172155095575465
1264,3ssnporch,lowqualfinsf,-0.0045054983502715185
1265,3ssnporch,grlivarea,0.006481005516746314
1266,3ssnporch,bsmtfullbath,0.027034480141147274
1267,3ssnporch,bsmthalfbath,0.026953997179806632
1268,3ssnporch,fullbath,0.015434564920543169
1269,3ssnporch,halfbath,-0.023230981284813178
1270,3ssnporch,bedroomabvgr,-0.047150983832692187
1271,3ssnporch,kitchenabvgr,-0.02137886145122375
1272,3ssnporch,totrmsabvgrd,-0.025097274295664437
1273,3ssnporch,fireplaces,0.018414254345838287
1274,3ssnporch,garageyrblt,0.020616872519505426
1275,3ssnporch,garagecars,0.02334519686083479
1276,3ssnporch,garagearea,0.029457727083461303
1277,3ssnporch,wooddecksf,-0.003967192670820176
1278,3ssnporch,openporchsf,-0.00945808247291706
1279,3ssnporch,enclosedporch,-0.032674101607743755
1280,3ssnporch,3ssnporch,1.0
1281,3ssnporch,screenporch,-0.029429833371105583
1282,3ssnporch,poolarea,-0.006500664128371048
1283,3ssnporch,miscval,-0.0007534977560125626
1284,3ssnporch,mosold,0.027229414567939137
1285,3ssnporch,yrsold,0.022668375304834926
1286,3ssnporch,saleprice,0.03222464935882203
1287,screenporch,ames_order,0.004306944176847399
1288,screenporch,pid,-0.025734731199641276
1289,screenporch,mssubclass,-0.050613997363357546
1290,screenporch,lotfrontage,0.07666619866298344
1291,screenporch,lotarea,0.05504412118658563
1292,screenporch,overallqual,0.04161473736062025
1293,screenporch,overallcond,0.044055222174643034
1294,screenporch,yearbuilt,-0.04143577372375431
1295,screenporch,yearremodadd,-0.04688797108075337
1296,screenporch,masvnrarea,0.06564309551876979
1297,screenporch,bsmtfinsf1,0.09587430607515444
1298,screenporch,bsmtfinsf2,0.06295078462075918
1299,screenporch,bsmtunfsf,-0.048083017668174174
1300,screenporch,totalbsmtsf,0.07534136074424798
1301,screenporch,1stflrsf,0.09831639453708191
1302,screenporch,2ndflrsf,0.011740504905380506
1303,screenporch,lowqualfinsf,0.006942787676483624
1304,screenporch,grlivarea,0.0868044182988962
1305,screenporch,bsmtfullbath,0.05220837304008104
1306,screenporch,bsmthalfbath,0.04232555887268684
1307,screenporch,fullbath,-0.015130385481380078
1308,screenporch,halfbath,0.035989523407386474
1309,screenporch,bedroomabvgr,0.009250464375985276
1310,screenporch,kitchenabvgr,-0.056336505757209505
1311,screenporch,totrmsabvgrd,0.03373113223558665
1312,screenporch,fireplaces,0.16800393536883254
1313,screenporch,garageyrblt,-0.06251548609540639
1314,screenporch,garagecars,0.0430116374357578
1315,screenporch,garagearea,0.062436225754519
1316,screenporch,wooddecksf,-0.05219090319780959
1317,screenporch,openporchsf,0.0475480670968248
1318,screenporch,enclosedporch,-0.06396531308393494
1319,screenporch,3ssnporch,-0.029429833371105583
1320,screenporch,screenporch,1.0
1321,screenporch,poolarea,0.026382547483489605
1322,screenporch,miscval,0.0071622683016820095
1323,screenporch,mosold,0.028169261639664198
1324,screenporch,yrsold,-0.006115511654978079
1325,screenporch,saleprice,0.11215121356052841
1326,poolarea,ames_order,0.0525178345251896
1327,poolarea,pid,-0.002845341854371687
1328,poolarea,mssubclass,-0.0034342130872427015
1329,poolarea,lotfrontage,0.17394667773562833
1330,poolarea,lotarea,0.0937754261556487
1331,poolarea,overallqual,0.03039945406195727
1332,poolarea,overallcond,-0.01678713951513778
1333,poolarea,yearbuilt,0.0022127583863713386
1334,poolarea,yearremodadd,-0.011410244873352534
1335,poolarea,masvnrarea,0.004616908465694021
1336,poolarea,bsmtfinsf1,0.08413971514055141
1337,poolarea,bsmtfinsf2,0.04439769473272357
1338,poolarea,bsmtunfsf,-0.03199920700184414
1339,poolarea,totalbsmtsf,0.07212760472980378
1340,poolarea,1stflrsf,0.12182055900185774
1341,poolarea,2ndflrsf,0.04460244907024962
1342,poolarea,lowqualfinsf,0.035199864655318484
1343,poolarea,grlivarea,0.1354634708752303
1344,poolarea,bsmtfullbath,0.04370510565860155
1345,poolarea,bsmthalfbath,0.06690169681514498
1346,poolarea,fullbath,0.028204593240410088
1347,poolarea,halfbath,0.0015151007075019237
1348,poolarea,bedroomabvgr,0.03670695149480577
1349,poolarea,kitchenabvgr,-0.013065797205973919
1350,poolarea,totrmsabvgrd,0.07210284015885512
1351,poolarea,fireplaces,0.09844859324570655
1352,poolarea,garageyrblt,-0.014512894573411282
1353,poolarea,garagecars,0.03039277103072073
1354,poolarea,garagearea,0.05305105080695087
1355,poolarea,wooddecksf,0.09415550742780901
1356,poolarea,openporchsf,0.06413478036929958
1357,poolarea,enclosedporch,0.0925962792548683
1358,poolarea,3ssnporch,-0.006500664128371048
1359,poolarea,screenporch,0.026382547483489605
1360,poolarea,poolarea,1.0
1361,poolarea,miscval,0.011942121679817968
1362,poolarea,mosold,-0.04222266575820894
1363,poolarea,yrsold,-0.052540952085636874
1364,poolarea,saleprice,0.06840324689815959
1365,miscval,ames_order,-0.006083365143558963
1366,miscval,pid,-0.008260203455585875
1367,miscval,mssubclass,-0.029254485436009694
1368,miscval,lotfrontage,0.044475787217933854
1369,miscval,lotarea,0.06918820846271456
1370,miscval,overallqual,0.005179104212324671
1371,miscval,overallcond,0.034056065828745936
1372,miscval,yearbuilt,-0.011010994145889177
1373,miscval,yearremodadd,-0.0031324005929263673
1374,miscval,masvnrarea,0.04493362704407215
1375,miscval,bsmtfinsf1,0.09288575795971386
1376,miscval,bsmtfinsf2,-0.00520427442724482
1377,miscval,bsmtunfsf,-0.010166312099330032
1378,miscval,totalbsmtsf,0.0839042268090151
1379,miscval,1stflrsf,0.09300266766557475
1380,miscval,2ndflrsf,-0.005077986142719188
1381,miscval,lowqualfinsf,-0.0059391836890692095
1382,miscval,grlivarea,0.06725196030116182
1383,miscval,bsmtfullbath,-0.004868391192897168
1384,miscval,bsmthalfbath,0.036981581710491686
1385,miscval,fullbath,-0.009771106676364598
1386,miscval,halfbath,0.02664840177000757
1387,miscval,bedroomabvgr,0.0008872237836965921
1388,miscval,kitchenabvgr,0.025145215674391642
1389,miscval,totrmsabvgrd,0.06113382509608877
1390,miscval,fireplaces,0.008192023726412714
1391,miscval,garageyrblt,-0.009265288152659422
1392,miscval,garagecars,-0.016947770652682406
1393,miscval,garagearea,0.008466228516937499
1394,miscval,wooddecksf,0.05681994498541464
1395,miscval,openporchsf,0.07725446004257908
1396,miscval,enclosedporch,0.008772523993329544
1397,miscval,3ssnporch,-0.0007534977560125626
1398,miscval,screenporch,0.0071622683016820095
1399,miscval,poolarea,0.011942121679817968
1400,miscval,miscval,1.0
1401,miscval,mosold,0.007332659957969745
1402,miscval,yrsold,0.008574062500660014
1403,miscval,saleprice,-0.015691463148013268
1404,mosold,ames_order,0.13336528025783773
1405,mosold,pid,-0.050454500470866706
1406,mosold,mssubclass,0.0003504190057662918
1407,mosold,lotfrontage,0.011085200129935736
1408,mosold,lotarea,0.003858589144437019
1409,mosold,overallqual,0.031103443541629576
1410,mosold,overallcond,-0.00729473615811371
1411,mosold,yearbuilt,0.014577310540117388
1412,mosold,yearremodadd,0.01804753627822084
1413,mosold,masvnrarea,-0.00027648942702464626
1414,mosold,bsmtfinsf1,-0.001155061377700835
1415,mosold,bsmtfinsf2,-0.00948417957432169
1416,mosold,bsmtunfsf,0.02156871666371457
1417,mosold,totalbsmtsf,0.016678197876358256
1418,mosold,1stflrsf,0.04049616293423212
1419,mosold,2ndflrsf,0.013247354144672346
1420,mosold,lowqualfinsf,0.011397485616050688
1421,mosold,grlivarea,0.04366493015547324
1422,mosold,bsmtfullbath,-0.0034711848223326763
1423,mosold,bsmthalfbath,0.022698999240780438
1424,mosold,fullbath,0.04603243606555566
1425,mosold,halfbath,-0.0013106049578856353
1426,mosold,bedroomabvgr,0.05367650624004742
1427,mosold,kitchenabvgr,0.03520114016042335
1428,mosold,totrmsabvgrd,0.043784435887807505
1429,mosold,fireplaces,0.03215247836202567
1430,mosold,garageyrblt,0.024498318958846757
1431,mosold,garagecars,0.04984720342995433
1432,mosold,garagearea,0.039544478884575775
1433,mosold,wooddecksf,0.016973811472072598
1434,mosold,openporchsf,0.033651189477304444
1435,mosold,enclosedporch,-0.021324189426585084
1436,mosold,3ssnporch,0.027229414567939137
1437,mosold,screenporch,0.028169261639664198
1438,mosold,poolarea,-0.04222266575820894
1439,mosold,miscval,0.007332659957969745
1440,mosold,mosold,1.0
1441,mosold,yrsold,-0.15555424484372601
1442,mosold,saleprice,0.03525884151959565
1443,yrsold,ames_order,-0.9759929037175192
1444,yrsold,pid,0.009579226708180049
1445,yrsold,mssubclass,-0.017905477247845913
1446,yrsold,lotfrontage,-0.0075472241770496275
1447,yrsold,lotarea,-0.023085094359836265
1448,yrsold,overallqual,-0.020719457862840233
1449,yrsold,overallcond,0.03120690730953582
1450,yrsold,yearbuilt,-0.013196700204147484
1451,yrsold,yearremodadd,0.03265176748107453
1452,yrsold,masvnrarea,-0.017714954397350935
1453,yrsold,bsmtfinsf1,0.022397376278229072
1454,yrsold,bsmtfinsf2,0.00710540426889212
1455,yrsold,bsmtunfsf,-0.03638415626595829
1456,yrsold,totalbsmtsf,-0.010404941675136593
1457,yrsold,1stflrsf,-0.01366701985472308
1458,yrsold,2ndflrsf,-0.018530355577625886
1459,yrsold,lowqualfinsf,-0.0020743037377619774
1460,yrsold,grlivarea,-0.02648888641249043
1461,yrsold,bsmtfullbath,0.04490461288051803
1462,yrsold,bsmthalfbath,-0.01952901337950858
1463,yrsold,fullbath,-0.0047537118741519
1464,yrsold,halfbath,0.0015614670270799925
1465,yrsold,bedroomabvgr,-0.018007528266986192
1466,yrsold,kitchenabvgr,0.035421412470736095
1467,yrsold,totrmsabvgrd,-0.030497605065601344
1468,yrsold,fireplaces,-0.007611859524613947
1469,yrsold,garageyrblt,-0.005159101142669775
1470,yrsold,garagecars,-0.022488092977910178
1471,yrsold,garagearea,-0.013018272157951247
1472,yrsold,wooddecksf,0.0008817083082455293
1473,yrsold,openporchsf,-0.03746716377340062
1474,yrsold,enclosedporch,-0.0005048655387201838
1475,yrsold,3ssnporch,0.022668375304834926
1476,yrsold,screenporch,-0.006115511654978079
1477,yrsold,poolarea,-0.052540952085636874
1478,yrsold,miscval,0.008574062500660014
1479,yrsold,mosold,-0.15555424484372601
1480,yrsold,yrsold,1.0
1481,yrsold,saleprice,-0.030569086736176015
1482,saleprice,ames_order,-0.031407925252804544
1483,saleprice,pid,-0.2465212128667364
1484,saleprice,mssubclass,-0.08509157560995878
1485,saleprice,lotfrontage,0.35731791014236447
1486,saleprice,lotarea,0.26654922032842987
1487,saleprice,overallqual,0.7992617947690226
1488,saleprice,overallcond,-0.1016969321810065
1489,saleprice,yearbuilt,0.5584261057120451
1490,saleprice,yearremodadd,0.5329737540266942
1491,saleprice,masvnrarea,0.5082848443957281
1492,saleprice,bsmtfinsf1,0.4329144106073928
1493,saleprice,bsmtfinsf2,0.0058913977835306375
1494,saleprice,bsmtunfsf,0.18285526000400842
1495,saleprice,totalbsmtsf,0.632280457106513
1496,saleprice,1stflrsf,0.6216760632702544
1497,saleprice,2ndflrsf,0.2693733565895969
1498,saleprice,lowqualfinsf,-0.037659765237751656
1499,saleprice,grlivarea,0.706779920976627
1500,saleprice,bsmtfullbath,0.2760499519345097
1501,saleprice,bsmthalfbath,-0.03583540976645373
1502,saleprice,fullbath,0.5456039005201111
1503,saleprice,halfbath,0.2850560315387106
1504,saleprice,bedroomabvgr,0.14391342840037827
1505,saleprice,kitchenabvgr,-0.11981372022707376
1506,saleprice,totrmsabvgrd,0.49547441685703353
1507,saleprice,fireplaces,0.4745580925917722
1508,saleprice,garageyrblt,0.5269653487423954
1509,saleprice,garagecars,0.6478765953956679
1510,saleprice,garagearea,0.6404007669873966
1511,saleprice,wooddecksf,0.32714317398316844
1512,saleprice,openporchsf,0.312950505662715
1513,saleprice,enclosedporch,-0.12878744150780605
1514,saleprice,3ssnporch,0.03222464935882203
1515,saleprice,screenporch,0.11215121356052841
1516,saleprice,poolarea,0.06840324689815959
1517,saleprice,miscval,-0.015691463148013268
1518,saleprice,mosold,0.03525884151959565
1519,saleprice,yrsold,-0.030569086736176015
1520,saleprice,saleprice,1.0
